<metadata xml:lang="en"><mdLang><languageCode value="eng"/><countryCode value="USA"/></mdLang><mdChar><CharSetCd value="004"/></mdChar><mdHrLv><ScopeCd value="005"/></mdHrLv><mdContact><rpIndName>Wetlands Database Administrator</rpIndName><rpOrgName>U.S. Fish and Wildlife Service</rpOrgName><rpPosName>National Standards and Support Team</rpPosName><rpCntInfo><cntPhone><voiceNum>608-238-9333</voiceNum><faxNum>608-238-9334</faxNum></cntPhone><cntAddress addressType="both"><delPoint>505 Science Drive</delPoint><city>Madison</city><adminArea>WI</adminArea><postCode>53711</postCode><country>US</country><eMailAdd>wetlands_team@fws.gov</eMailAdd></cntAddress></rpCntInfo><role><RoleCd value="007"/></role></mdContact><distInfo><distributor><distorCont><rpOrgName>U.S. Fish and Wildlife Service</rpOrgName><rpPosName>National Standards and Support Team</rpPosName><rpCntInfo><cntPhone><voiceNum>608-268-9333</voiceNum><faxNum>608-238-9334</faxNum></cntPhone><cntAddress addressType="both"><delPoint>505 Science Drive</delPoint><city>Madison</city><adminArea>WI</adminArea><postCode>53711</postCode><country>US</country><eMailAdd>wetlands_team@fws.gov</eMailAdd></cntAddress></rpCntInfo><role><RoleCd value="005"/></role></distorCont><distorOrdPrc><resFees>There is no charge for the online option. Requests for large amounts of data are handled on a cost reimbursable basis.</resFees></distorOrdPrc><distorFormat><formatName>FileGDB</formatName></distorFormat><distorFormat><formatName>ArcREST</formatName></distorFormat><distorFormat><formatName>JavaScript</formatName></distorFormat><distorFormat><formatName>OGC:WMS</formatName></distorFormat><distorFormat><formatName>Shapefile</formatName></distorFormat><distorTran><onLineSrc><linkage>https://www.fws.gov/wetlands/data/Data-Download.html</linkage></onLineSrc></distorTran><distorTran><onLineSrc><linkage>https://www.fws.gov/wetlands/arcgis/services/Historic_Wetlands/MapServer/WMSServer?request=GetCapabilities&amp;service=WMS</linkage></onLineSrc></distorTran><distorTran><onLineSrc><linkage>https://www.fws.gov/wetlands/data/Data-Download.html</linkage></onLineSrc></distorTran><distorTran><onLineSrc><linkage>https://www.fws.gov/wetlands/Data/Mapper.html</linkage></onLineSrc></distorTran><distorTran><onLineSrc><linkage>https://www.fws.gov/wetlands/arcgis/rest/services/Historic_Wetlands/MapServer</linkage></onLineSrc></distorTran></distributor><distTranOps><onLineSrc><linkage>https://www.fws.gov/wetlands/Data/Mapper.html</linkage></onLineSrc><onLineSrc><linkage>https://www.fws.gov/wetlands/data/Data-Download.html</linkage></onLineSrc><onLineSrc><linkage>https://www.fws.gov/wetlands/Data/Historic-Wetlands-Product-Summary.html</linkage></onLineSrc><transSize Sync="TRUE">0.000</transSize></distTranOps><distFormat><formatName>File Geodatabase Feature Class</formatName></distFormat></distInfo><dataIdInfo><idCitation><citRespParty><rpOrgName>U.S. Fish and Wildlife Service</rpOrgName><role><RoleCd value="006"/></role></citRespParty><citRespParty><rpOrgName>U.S. Fish and Wildlife Service</rpOrgName><rpCntInfo><cntAddress><delPoint>Washington, D.C.</delPoint></cntAddress></rpCntInfo><role><RoleCd value="010"/></role></citRespParty><presForm><PresFormCd value="005"/></presForm><presForm><fgdcGeoform>vector digital data</fgdcGeoform></presForm><datasetSeries><seriesName>Classification of Historic Wetland Habitats of the United States. U.S. Department of the Interior, Fish and Wildlife Service, Washington, DC. FWS/OBS-79/31.</seriesName></datasetSeries><date><createDate>2019-10-01T00:00:00</createDate><pubDate>2019-10-01T00:00:00</pubDate></date><resTitle>CONUS_wet_poly</resTitle></idCitation><idAbs>&lt;DIV STYLE="text-align:Left;"&gt;&lt;DIV&gt;&lt;DIV&gt;&lt;P&gt;&lt;SPAN&gt;This data set represents the extent and approximate location of historic wetland habitats in certain areas of the conterminous United States. The identification of these historic wetlands is limited by the methodology outlined in the associated Historic Wetlands Project Metadata and is not intended to be a comprehensive inventory of all historic wetlands. The U.S. Fish and Wildlife Service (Service) is the principal Federal agency that provides information to the public on the extent and status of the Nation's wetlands and provides stewardship for the wetlands data that comprise the Wetlands Layer of the National Spatial Data Infrastructure. In the formulation of this data layer, historic wetlands are defined as areas where there is evidence that a wetland once existed. This evidence can be from historical map information inventories of past wetland extent or other information collected that relate directly to data on wetland filling, drainage or other modifications. Historic wetlands have been identified using several different techniques depending on the availability and type of information used to locate these areas and user needs. For example, historical maps often provide information about past wetland extent or location and can be useful tools to identify historic wetlands. Historic wetlands have been identified as polygonal data. No linear features have been included. Historic wetland polygons are not classified as wetlands and have no wetland labels or attribution. Since these features no longer exist, boundary delineations are considered approximations based on topography, previously mapped information or indications of historic water levels.&lt;/SPAN&gt;&lt;/P&gt;&lt;/DIV&gt;&lt;/DIV&gt;&lt;/DIV&gt;</idAbs><idPurp>The present goal of the Service is to provide the citizens of the United States and its Trust Territories with current geospatially referenced information on the status, extent, characteristics and functions of wetlands, riparian, deepwater, historic and related aquatic habitats in priority areas to promote the understanding and conservation of these resources.</idPurp><idPoC><rpOrgName>U.S. Fish and Wildlife Service</rpOrgName><rpPosName>National Standards and Support Team</rpPosName><rpCntInfo><cntPhone><voiceNum>608-238-9333</voiceNum><faxNum>608-238-9334</faxNum></cntPhone><cntAddress addressType="both"><delPoint>505 Science Drive</delPoint><city>Madison</city><adminArea>WI</adminArea><postCode>53711</postCode><country>US</country><eMailAdd>wetlands_team@fws.gov</eMailAdd></cntAddress></rpCntInfo><role><RoleCd value="007"/></role></idPoC><placeKeys><keyword>Idaho</keyword><keyword>New Hampshire</keyword><keyword>Massachusetts</keyword><keyword>Connecticut</keyword><keyword>Maine</keyword><keyword>Oregon</keyword><keyword>Minnesota</keyword><keyword>South Dakota</keyword><keyword>California</keyword><keyword>Wyoming</keyword><keyword>Indiana</keyword><keyword>Arkansas</keyword><keyword>New Mexico</keyword><keyword>Georgia</keyword><keyword>Ohio</keyword><keyword>District of Columbia</keyword><keyword>Mississippi</keyword><keyword>Wisconsin</keyword><keyword>Illinois</keyword><keyword>Pennsylvania</keyword><keyword>New York</keyword><keyword>South Carolina</keyword><keyword>Kentucky</keyword><keyword>Virginia</keyword><keyword>Vermont</keyword><keyword>West Virginia</keyword><keyword>Utah</keyword><keyword>Florida</keyword><keyword>Delaware</keyword><keyword>Texas</keyword><keyword>United States</keyword><keyword>Alabama</keyword><keyword>Colorado</keyword><keyword>Arizona</keyword><keyword>Michigan</keyword><keyword>Tennessee</keyword><keyword>North Carolina</keyword><keyword>Washington</keyword><keyword>Missouri</keyword><keyword>Rhode Island</keyword><keyword>Maryland</keyword><keyword>Nevada</keyword><keyword>Montana</keyword><keyword>Oklahoma</keyword><keyword>New Jersey</keyword><keyword>Iowa</keyword><keyword>Nebraska</keyword><keyword>Kansas</keyword><keyword>Louisiana</keyword><keyword>North Dakota</keyword></placeKeys><themeKeys><thesaName><resTitle>ISO 19115 Topic Categories</resTitle></thesaName><keyword>environment</keyword><keyword>geoscientificInformation</keyword><keyword>inlandWaters</keyword></themeKeys><themeKeys><keyword>Historic Wetlands</keyword></themeKeys><searchKeys><keyword>Idaho</keyword><keyword>New Hampshire</keyword><keyword>Massachusetts</keyword><keyword>Connecticut</keyword><keyword>Maine</keyword><keyword>Oregon</keyword><keyword>Minnesota</keyword><keyword>environment</keyword><keyword>South Dakota</keyword><keyword>California</keyword><keyword>Wyoming</keyword><keyword>Indiana</keyword><keyword>Arkansas</keyword><keyword>New Mexico</keyword><keyword>Georgia</keyword><keyword>Historic Wetlands</keyword><keyword>Ohio</keyword><keyword>District of Columbia</keyword><keyword>Mississippi</keyword><keyword>Wisconsin</keyword><keyword>Illinois</keyword><keyword>Pennsylvania</keyword><keyword>New York</keyword><keyword>South Carolina</keyword><keyword>Kentucky</keyword><keyword>Virginia</keyword><keyword>Vermont</keyword><keyword>West Virginia</keyword><keyword>Utah</keyword><keyword>Florida</keyword><keyword>Delaware</keyword><keyword>Texas</keyword><keyword>geoscientificInformation</keyword><keyword>United States</keyword><keyword>Alabama</keyword><keyword>Colorado</keyword><keyword>Arizona</keyword><keyword>Michigan</keyword><keyword>Tennessee</keyword><keyword>North Carolina</keyword><keyword>Washington</keyword><keyword>Missouri</keyword><keyword>Rhode Island</keyword><keyword>Maryland</keyword><keyword>Nevada</keyword><keyword>Montana</keyword><keyword>Oklahoma</keyword><keyword>New Jersey</keyword><keyword>Iowa</keyword><keyword>Nebraska</keyword><keyword>Kansas</keyword><keyword>Louisiana</keyword><keyword>inlandWaters</keyword><keyword>North Dakota</keyword></searchKeys><resConst><LegConsts><useLimit>Although these data have been processed successfully on a computer system at the U.S. Fish and Wildlife Service, no warranty expressed or implied is made by the U.S. Fish and Wildlife Service regarding the utility of the data on any other system, nor shall the act of distribution constitute any such warranty. No responsibility is assumed by the U.S. Fish and Wildlife Service in the use of these data.</useLimit></LegConsts></resConst><resConst><Consts><useLimit>&lt;DIV STYLE="text-align:Left;"&gt;&lt;DIV&gt;&lt;DIV&gt;&lt;P&gt;&lt;SPAN&gt;None. Acknowledgement of the U.S. Fish and Wildlife Service and (or) the National Wetlands Inventory would be appreciated in products derived from these data&lt;/SPAN&gt;&lt;/P&gt;&lt;/DIV&gt;&lt;/DIV&gt;&lt;/DIV&gt;</useLimit></Consts></resConst><aggrInfo><aggrDSName><resTitle>Historic Wetland Habitats of the Conterminous United States</resTitle><resEd>Version 1.0</resEd><citRespParty><rpOrgName>U.S. Fish and Wildlife Service</rpOrgName><rpCntInfo><cntAddress><delPoint>Washington, D.C. USA</delPoint></cntAddress></rpCntInfo><role><RoleCd value="010"/></role></citRespParty><citRespParty><rpOrgName>U.S. Fish and Wildlife Serivce, National Wetlands Inventory</rpOrgName><role><RoleCd value="006"/></role></citRespParty></aggrDSName><assocType><AscTypeCd value="001"/></assocType></aggrInfo><spatRpType><SpatRepTypCd value="001"/></spatRpType><dataLang><languageCode value="eng"/><countryCode value="USA"/></dataLang><dataExt><geoEle><GeoBndBox><westBL>144.599995</westBL><eastBL>-64.549579</eastBL><southBL>13.166674</southBL><northBL>71.99633</northBL></GeoBndBox></geoEle></dataExt><dataExt><exDesc>ground condition</exDesc><tempEle><TempExtent><exTemp><TM_Period><tmBegin>1952-01-01</tmBegin><tmEnd>2017-01-01</tmEnd></TM_Period></exTemp></TempExtent></tempEle></dataExt><suppInfo>The historic wetland maps were produced as topical overlays using U.S. Geological Survey topographic maps as the base. The data are intended for use in publications, at a scale of 1:24,000 or smaller. Due to the scale, the primary intended use is for regional and watershed data display and analysis, rather than specific project data analysis. The map products were neither designed or intended to represent legal or regulatory products. Any use of trade, product, or firm names is for descriptive purposes only and does not imply endorsement by the U.S. Government. Although this Federal Geographic Data Committee-compliant metadata file is intended to document the data set in nonproprietary form, as well as in Arc/INFO format, this metadata file may include some Arc/INFO-specific terminology.</suppInfo><dataExt><geoEle><GeoBndBox esriExtentType="search"><exTypeCode>1</exTypeCode><westBL>-128.007240</westBL><eastBL>-65.254818</eastBL><northBL>51.649582</northBL><southBL>22.762404</southBL></GeoBndBox></geoEle></dataExt><envirDesc> Version 6.2 (Build 9200) ; Esri ArcGIS 10.7.1.11595</envirDesc><tpCat><TopicCatCd value="007"/></tpCat><tpCat><TopicCatCd value="008"/></tpCat><tpCat><TopicCatCd value="012"/></tpCat></dataIdInfo><mdConst><SecConsts><class><ClasscationCd value="001"/></class><classSys>None</classSys><handDesc>None</handDesc></SecConsts></mdConst><dqInfo><dqScope><scpLvl><ScopeCd value="005"/></scpLvl></dqScope><report type="DQCompOm"><measDesc>This data set represents the extent of historic wetland habitats that can be determined with the use of remotely sensed data and within the timeframe for which the maps were produced. The accuracy of image interpretation depends on the quality of the imagery, the experience of the image analysts, the amount and quality of the collateral data, and the amount of ground truth verification work conducted.</measDesc></report><report type="DQQuanAttAcc"><measDesc>The source data was checked using standard review procedures.</measDesc></report><dataLineage><dataSource><srcDesc>Spatial information</srcDesc><srcMedName><MedNameCd value="027"/></srcMedName><srcScale><rfDenom>0</rfDenom></srcScale><srcCitatn><resTitle>Historic Wetland Habitats of the Conterminous United States</resTitle><citRespParty><rpOrgName>U.S. Fish and Wildlife Service</rpOrgName><role><RoleCd value="006"/></role></citRespParty><citRespParty><rpOrgName>U.S. Fish and Wildlife Service</rpOrgName><rpCntInfo><cntAddress><delPoint>Washington, D.C.</delPoint></cntAddress></rpCntInfo><role><RoleCd value="010"/></role></citRespParty><datasetSeries><seriesName>National Wetlands Inventory Historic Wetland Maps</seriesName></datasetSeries></srcCitatn><srcExt><exDesc>ground condition</exDesc><tempEle><TempExtent><exTemp><TM_Period><tmBegin>1952-01-01</tmBegin><tmEnd>2017-01-01</tmEnd></TM_Period></exTemp></TempExtent></tempEle></srcExt></dataSource></dataLineage></dqInfo><refSysInfo><RefSystem><refSysID><identCode code="0"/></refSysID></RefSystem></refSysInfo><eainfo><detailed Name="HU8_02080106_Wetlands"><enttyp><enttypl>CONUS_wet_poly</enttypl><enttypds>U.S. Fish and Wildlife Service</enttypds><enttypt Sync="TRUE">Feature Class</enttypt><enttypc Sync="TRUE">0</enttypc></enttyp><attr><attrlabl Sync="TRUE">FID</attrlabl><attalias Sync="TRUE">FID</attalias><attrtype Sync="TRUE">OID</attrtype><attwidth Sync="TRUE">4</attwidth><atprecis Sync="TRUE">0</atprecis><attscale Sync="TRUE">0</attscale><attrdef Sync="TRUE">Internal feature number.</attrdef><attrdefs Sync="TRUE">Esri</attrdefs><attrdomv><udom Sync="TRUE">Sequential unique whole numbers that are automatically generated.</udom></attrdomv></attr><attr><attrlabl>SHAPE</attrlabl><attrdef>Feature geometry.</attrdef><attrdefs>ESRI</attrdefs><attrdomv><udom>Coordinates defining the features.</udom></attrdomv><attalias Sync="TRUE">Shape</attalias><attrtype Sync="TRUE">Geometry</attrtype><attwidth Sync="TRUE">0</attwidth><atprecis Sync="TRUE">0</atprecis><attscale Sync="TRUE">0</attscale></attr><attr><attrlabl>SHAPE_Area</attrlabl><attrdef>Area of feature in internal units squared.</attrdef><attrdefs>ESRI</attrdefs><attrdomv><udom>Positive real numbers that are automatically generated.</udom></attrdomv><attalias Sync="TRUE">Shape_Area</attalias><attrtype Sync="TRUE">Double</attrtype><attwidth Sync="TRUE">19</attwidth><atprecis Sync="TRUE">0</atprecis><attscale Sync="TRUE">0</attscale></attr><attr><attrlabl Sync="TRUE">WETLAND_TY</attrlabl><attalias Sync="TRUE">WETLAND_TY</attalias><attrtype Sync="TRUE">String</attrtype><attwidth Sync="TRUE">50</attwidth><atprecis Sync="TRUE">0</atprecis><attscale Sync="TRUE">0</attscale></attr><attr><attrlabl>ACRES</attrlabl><attrdef>Area of the polygon in acres.</attrdef><attrdefs>Calculated in an Albers Equal Area projection using ESRI's geometry calculator.</attrdefs><attalias Sync="TRUE">ACRES</attalias><attrtype Sync="TRUE">Double</attrtype><attwidth Sync="TRUE">19</attwidth><atprecis Sync="TRUE">0</atprecis><attscale Sync="TRUE">0</attscale></attr><attr><attrlabl Sync="TRUE">Shape_Leng</attrlabl><attalias Sync="TRUE">Shape_Leng</attalias><attrtype Sync="TRUE">Double</attrtype><attwidth Sync="TRUE">19</attwidth><atprecis Sync="TRUE">0</atprecis><attscale Sync="TRUE">0</attscale></attr><attr><attrlabl>ATTRIBUTE</attrlabl><attrdef>Historic</attrdef><attrdefs>Presence of a historic wetland was identified by use of various ancillary datasets. No attempt was made to determine what type of wetland.</attrdefs><attalias Sync="TRUE">ATTRIBUTE</attalias><attrtype Sync="TRUE">String</attrtype><attwidth Sync="TRUE">15</attwidth><atprecis Sync="TRUE">0</atprecis><attscale Sync="TRUE">0</attscale></attr></detailed></eainfo><mdHrLvName>dataset</mdHrLvName><spatRepInfo><VectSpatRep><geometObjs Name="HU8_02080106_Wetlands"><geoObjTyp><GeoObjTypCd value="002" Sync="TRUE"></GeoObjTypCd></geoObjTyp><geoObjCnt Sync="TRUE">0</geoObjCnt></geometObjs><topLvl><TopoLevCd value="001" Sync="TRUE"></TopoLevCd></topLvl></VectSpatRep></spatRepInfo><mdDateSt>20190814</mdDateSt><spdoinfo><ptvctinf><esriterm Name="HU8_02080106_Wetlands"><efeatyp Sync="TRUE">Simple</efeatyp><efeageom code="4" Sync="TRUE"></efeageom><esritopo Sync="TRUE">FALSE</esritopo><efeacnt Sync="TRUE">0</efeacnt><spindex Sync="TRUE">FALSE</spindex><linrefer Sync="TRUE">FALSE</linrefer></esriterm></ptvctinf></spdoinfo><Esri><DataProperties><itemProps><itemName Sync="TRUE">HU8_02080106_Wetlands</itemName><imsContentType Sync="TRUE">002</imsContentType><itemLocation><linkage Sync="TRUE">file://\\ifw3nsst-svradm\NWI-Temp\FWS\Extracts\Watershed_Extracts\HU8\HU8_02080106_Watershed\HU8_02080106_Wetlands.shp</linkage><protocol Sync="TRUE">Local Area Network</protocol></itemLocation><itemSize Sync="TRUE">0.000</itemSize></itemProps><coordRef><type Sync="TRUE">Projected</type><geogcsn Sync="TRUE">GCS_North_American_1983</geogcsn><csUnits Sync="TRUE">Linear Unit: Meter (1.000000)</csUnits><projcsn Sync="TRUE">NAD_1983_Albers</projcsn><peXml Sync="TRUE">&lt;ProjectedCoordinateSystem xsi:type='typens:ProjectedCoordinateSystem' xmlns:xsi='http://www.w3.org/2001/XMLSchema-instance' xmlns:xs='http://www.w3.org/2001/XMLSchema' xmlns:typens='http://www.esri.com/schemas/ArcGIS/2.3.0'&gt;&lt;WKT&gt;PROJCS[&amp;quot;NAD_1983_Albers&amp;quot;,GEOGCS[&amp;quot;GCS_North_American_1983&amp;quot;,DATUM[&amp;quot;D_North_American_1983&amp;quot;,SPHEROID[&amp;quot;GRS_1980&amp;quot;,6378137.0,298.257222101]],PRIMEM[&amp;quot;Greenwich&amp;quot;,0.0],UNIT[&amp;quot;Degree&amp;quot;,0.0174532925199433]],PROJECTION[&amp;quot;Albers&amp;quot;],PARAMETER[&amp;quot;False_Easting&amp;quot;,0.0],PARAMETER[&amp;quot;False_Northing&amp;quot;,0.0],PARAMETER[&amp;quot;Central_Meridian&amp;quot;,-96.0],PARAMETER[&amp;quot;Standard_Parallel_1&amp;quot;,29.5],PARAMETER[&amp;quot;Standard_Parallel_2&amp;quot;,45.5],PARAMETER[&amp;quot;Latitude_Of_Origin&amp;quot;,23.0],UNIT[&amp;quot;Meter&amp;quot;,1.0]]&lt;/WKT&gt;&lt;XOrigin&gt;-16901100&lt;/XOrigin&gt;&lt;YOrigin&gt;-6972200&lt;/YOrigin&gt;&lt;XYScale&gt;266467840.99085236&lt;/XYScale&gt;&lt;ZOrigin&gt;-100000&lt;/ZOrigin&gt;&lt;ZScale&gt;10000&lt;/ZScale&gt;&lt;MOrigin&gt;-100000&lt;/MOrigin&gt;&lt;MScale&gt;10000&lt;/MScale&gt;&lt;XYTolerance&gt;0.001&lt;/XYTolerance&gt;&lt;ZTolerance&gt;0.001&lt;/ZTolerance&gt;&lt;MTolerance&gt;0.001&lt;/MTolerance&gt;&lt;HighPrecision&gt;true&lt;/HighPrecision&gt;&lt;/ProjectedCoordinateSystem&gt;</peXml></coordRef><lineage><Process ToolSource="c:\program files\arcgis\pro\Resources\ArcToolbox\toolboxes\Analysis Tools.tbx\Select" Date="20190815" Time="171203">Select HU2_02_wetlands_layer L:\FWS\Extracts\Watershed_Extracts\HU2\HU2_02_Watershed\HU2_02.gdb\HU2_02_Wetlands #</Process><Process ToolSource="c:\program files\arcgis\pro\Resources\ArcToolbox\toolboxes\Data Management Tools.tbx\Append" Date="20190815" Time="171601">Append L:\FWS\Extracts\Watershed_Extracts\Watershed_Scratch.gdb\HU2_02_Wetlands_clip L:\FWS\Extracts\Watershed_Extracts\HU2\HU2_02_Watershed\HU2_02.gdb\HU2_02_Wetlands "Use the Field Map to reconcile schema differences" "ATTRIBUTE "ATTRIBUTE" true true false 15 Text 0 0,First,#,L:\FWS\Extracts\Watershed_Extracts\Watershed_Scratch.gdb\HU2_02_Wetlands_clip,ATTRIBUTE,0,15;WETLAND_TYPE "WETLAND_TYPE" true true false 50 Text 0 0,First,#,L:\FWS\Extracts\Watershed_Extracts\Watershed_Scratch.gdb\HU2_02_Wetlands_clip,WETLAND_TYPE,0,50;ACRES "ACRES" true true false 8 Double 0 0,First,#,L:\FWS\Extracts\Watershed_Extracts\Watershed_Scratch.gdb\HU2_02_Wetlands_clip,ACRES,-1,-1" # #</Process><Process ToolSource="c:\program files\arcgis\pro\Resources\ArcToolbox\toolboxes\Data Management Tools.tbx\CalculateField" Date="20190815" Time="172156">CalculateField L:\FWS\Extracts\Watershed_Extracts\HU2\HU2_02_Watershed\HU2_02.gdb\HU2_02_Wetlands ACRES acreagecalc(!SHAPE_AREA!) PYTHON_9.3 "def acreagecalc(sharea):\n return sharea * 0.000247105381\n\n"</Process><Process ToolSource="c:\program files\arcgis\pro\Resources\ArcToolbox\toolboxes\Analysis Tools.tbx\Select" Date="20190816" Time="165821">Select HU4_0208_wetlands_layer L:\FWS\Extracts\Watershed_Extracts\HU4\HU4_0208_Watershed\HU4_0208.gdb\HU4_0208_Wetlands #</Process><Process ToolSource="c:\program files\arcgis\pro\Resources\ArcToolbox\toolboxes\Data Management Tools.tbx\Append" Date="20190816" Time="165923">Append L:\FWS\Extracts\Watershed_Extracts\Watershed_Scratch2.gdb\HU4_0208_Wetlands_clip L:\FWS\Extracts\Watershed_Extracts\HU4\HU4_0208_Watershed\HU4_0208.gdb\HU4_0208_Wetlands "Use the Field Map to reconcile schema differences" "ATTRIBUTE "ATTRIBUTE" true true false 15 Text 0 0,First,#,L:\FWS\Extracts\Watershed_Extracts\Watershed_Scratch2.gdb\HU4_0208_Wetlands_clip,ATTRIBUTE,0,15;WETLAND_TYPE "WETLAND_TYPE" true true false 50 Text 0 0,First,#,L:\FWS\Extracts\Watershed_Extracts\Watershed_Scratch2.gdb\HU4_0208_Wetlands_clip,WETLAND_TYPE,0,50;ACRES "ACRES" true true false 8 Double 0 0,First,#,L:\FWS\Extracts\Watershed_Extracts\Watershed_Scratch2.gdb\HU4_0208_Wetlands_clip,ACRES,-1,-1" # #</Process><Process ToolSource="c:\program files\arcgis\pro\Resources\ArcToolbox\toolboxes\Data Management Tools.tbx\CalculateField" Date="20190816" Time="170039">CalculateField L:\FWS\Extracts\Watershed_Extracts\HU4\HU4_0208_Watershed\HU4_0208.gdb\HU4_0208_Wetlands ACRES acreagecalc(!SHAPE_AREA!) PYTHON_9.3 "def acreagecalc(sharea):\n return sharea * 0.000247105381\n\n"</Process><Process ToolSource="c:\program files\arcgis\pro\Resources\ArcToolbox\toolboxes\Analysis Tools.tbx\Select" Date="20190817" Time="003832">Select HU6_020801_wetlands_layer L:\FWS\Extracts\Watershed_Extracts\HU6\HU6_020801_Watershed\HU6_020801.gdb\HU6_020801_Wetlands #</Process><Process ToolSource="c:\program files\arcgis\pro\Resources\ArcToolbox\toolboxes\Data Management Tools.tbx\Append" Date="20190817" Time="003918">Append L:\FWS\Extracts\Watershed_Extracts\Watershed_Scratch2.gdb\HU6_020801_Wetlands_clip L:\FWS\Extracts\Watershed_Extracts\HU6\HU6_020801_Watershed\HU6_020801.gdb\HU6_020801_Wetlands "Use the Field Map to reconcile schema differences" "ATTRIBUTE "ATTRIBUTE" true true false 15 Text 0 0,First,#,L:\FWS\Extracts\Watershed_Extracts\Watershed_Scratch2.gdb\HU6_020801_Wetlands_clip,ATTRIBUTE,0,15;WETLAND_TYPE "WETLAND_TYPE" true true false 50 Text 0 0,First,#,L:\FWS\Extracts\Watershed_Extracts\Watershed_Scratch2.gdb\HU6_020801_Wetlands_clip,WETLAND_TYPE,0,50;ACRES "ACRES" true true false 8 Double 0 0,First,#,L:\FWS\Extracts\Watershed_Extracts\Watershed_Scratch2.gdb\HU6_020801_Wetlands_clip,ACRES,-1,-1" # #</Process><Process ToolSource="c:\program files\arcgis\pro\Resources\ArcToolbox\toolboxes\Data Management Tools.tbx\CalculateField" Date="20190817" Time="004010">CalculateField L:\FWS\Extracts\Watershed_Extracts\HU6\HU6_020801_Watershed\HU6_020801.gdb\HU6_020801_Wetlands ACRES acreagecalc(!SHAPE_AREA!) PYTHON_9.3 "def acreagecalc(sharea):\n return sharea * 0.000247105381\n\n"</Process><Process ToolSource="c:\program files\arcgis\pro\Resources\ArcToolbox\toolboxes\Analysis Tools.tbx\Select" Date="20190820" Time="073456">Select HU8_02080106_wetlands_layer L:\FWS\Extracts\Watershed_Extracts\HU8\HU8_02080106_Watershed\HU8_02080106.gdb\HU8_02080106_Wetlands #</Process><Process ToolSource="c:\program files\arcgis\pro\Resources\ArcToolbox\toolboxes\Data Management Tools.tbx\Append" Date="20190820" Time="073543">Append L:\FWS\Extracts\Watershed_Extracts\Watershed_Scratch2.gdb\HU8_02080106_Wetlands_clip L:\FWS\Extracts\Watershed_Extracts\HU8\HU8_02080106_Watershed\HU8_02080106.gdb\HU8_02080106_Wetlands "Use the Field Map to reconcile schema differences" "ATTRIBUTE "ATTRIBUTE" true true false 15 Text 0 0,First,#,L:\FWS\Extracts\Watershed_Extracts\Watershed_Scratch2.gdb\HU8_02080106_Wetlands_clip,ATTRIBUTE,0,15;WETLAND_TYPE "WETLAND_TYPE" true true false 50 Text 0 0,First,#,L:\FWS\Extracts\Watershed_Extracts\Watershed_Scratch2.gdb\HU8_02080106_Wetlands_clip,WETLAND_TYPE,0,50;ACRES "ACRES" true true false 8 Double 0 0,First,#,L:\FWS\Extracts\Watershed_Extracts\Watershed_Scratch2.gdb\HU8_02080106_Wetlands_clip,ACRES,-1,-1" # #</Process><Process ToolSource="c:\program files\arcgis\pro\Resources\ArcToolbox\toolboxes\Data Management Tools.tbx\CalculateField" Date="20190820" Time="073557">CalculateField L:\FWS\Extracts\Watershed_Extracts\HU8\HU8_02080106_Watershed\HU8_02080106.gdb\HU8_02080106_Wetlands ACRES acreagecalc(!SHAPE_AREA!) PYTHON_9.3 "def acreagecalc(sharea):\n return sharea * 0.000247105381\n\n"</Process><Process ToolSource="c:\program files\arcgis\pro\Resources\ArcToolbox\toolboxes\Analysis Tools.tbx\Select" Date="20190820" Time="073609">Select L:\FWS\Extracts\Watershed_Extracts\HU8\HU8_02080106_Watershed\HU8_02080106.gdb\HU8_02080106_Wetlands L:\FWS\Extracts\Watershed_Extracts\HU8\HU8_02080106_Watershed\HU8_02080106_Wetlands.shp #</Process></lineage></DataProperties><SyncDate>20190820</SyncDate><SyncTime>07360100</SyncTime><ModDate>20190820</ModDate><ModTime>07360100</ModTime></Esri></metadata>
